Name,Team,Pos,Age,G,AB,R,H,2B,3B,HR,RBI,SB,CS,BB,SO,SH,SFG,HBP,AVG,OBP,SLG,OPS
Aaron Judge,NYY,OF,33,58,220,55,86,15,2,21,50,4,2,39,57,0,1,2,0.391,0.485,0.764,1.249
Aaron Schunk,COL,3B,27,11,28,1,6,1,0,0,0,0,0,0,8,1,0,0,0.214,0.214,0.25,0.464
Abraham Toro,BOS,3B,28,18,58,8,18,4,0,3,5,0,0,0,9,0,0,0,0.31,0.31,0.534,0.844
Adael Amador,COL,2B,22,33,89,3,13,4,0,1,5,1,1,10,25,2,0,1,0.146,0.24,0.225,0.465
Adam Frazier,PIT,2B,33,55,169,15,42,8,0,3,15,4,3,15,32,0,1,3,0.249,0.319,0.349,0.668
Addison Barger,TOR,3B,25,38,120,15,32,11,0,5,17,1,0,11,27,0,0,1,0.267,0.333,0.483,0.816
Adley Rutschman,BAL,C,27,53,187,22,38,7,1,5,15,0,0,25,37,0,0,1,0.203,0.3,0.332,0.632
Adolis Garcia,TEX,OF,32,56,197,16,41,11,0,7,27,5,2,11,57,0,4,3,0.208,0.256,0.371,0.627
Agustin Ramirez,MIA,C,23,34,134,17,34,11,0,7,17,1,2,12,24,0,0,0,0.254,0.315,0.493,0.808
Akil Baddoo,DET,OF,26,7,17,0,2,1,0,0,1,1,0,1,5,0,0,0,0.118,0.167,0.176,0.343
Alan Roden,TOR,OF,25,29,73,8,13,3,0,1,5,0,0,5,18,0,2,4,0.178,0.262,0.26,0.522
Alan Trejo,COL,SS,29,14,40,3,7,2,0,0,1,0,0,1,7,1,1,0,0.175,0.19,0.225,0.415
Alec Bohm,PHI,3B,28,56,219,25,58,8,1,5,21,1,0,9,38,0,2,3,0.265,0.3,0.379,0.679
Alec Burleson,STL,OF,26,49,154,14,43,7,0,4,16,3,0,11,25,0,0,0,0.279,0.327,0.403,0.73
Alejandro Kirk,TOR,C,26,47,166,11,50,5,0,3,23,0,0,13,18,0,3,1,0.301,0.35,0.386,0.736
Alejandro Osuna,TEX,OF,22,7,15,1,4,0,0,0,0,0,2,5,3,0,0,1,0.267,0.476,0.267,0.743
Alek Thomas,ARI,OF,25,50,145,13,37,8,2,1,16,3,2,6,38,1,1,4,0.255,0.301,0.359,0.66
Alex Bregman,BOS,3B,31,51,197,32,59,17,0,11,35,1,1,22,42,0,1,6,0.299,0.385,0.553,0.938
Alex Call,WSN,OF,30,38,105,15,28,6,2,0,14,1,0,18,19,4,3,3,0.267,0.38,0.362,0.742
Alex Verdugo,ATL,OF,29,35,135,17,35,9,0,0,10,1,0,10,18,0,0,2,0.259,0.32,0.326,0.646
Alexander Canario,PIT,OF,25,35,113,13,26,3,1,3,7,2,0,9,36,0,0,0,0.23,0.287,0.354,0.641
Ali Sanchez,TOR,C,28,5,11,0,2,1,0,0,0,0,0,0,3,0,0,0,0.182,0.182,0.273,0.455
Amed Rosario,WSN,2B,29,28,89,13,27,7,0,2,12,1,0,2,14,0,0,2,0.303,0.333,0.449,0.782
Andres Gimenez,TOR,2B,26,36,128,17,25,5,0,3,10,9,1,10,26,0,1,4,0.195,0.273,0.305,0.578
Andrew Benintendi,CHW,OF,30,33,118,17,29,2,1,6,22,0,0,12,27,0,2,2,0.246,0.321,0.432,0.753
Andrew McCutchen,PIT,DH,38,52,174,18,46,9,0,5,18,1,0,27,37,0,1,2,0.264,0.368,0.402,0.77
Andrew Vaughn,CHW,1B,27,48,185,9,35,8,0,5,19,0,0,7,43,0,1,0,0.189,0.218,0.314,0.532
Andruw Monasterio,MIL,2B,28,12,15,1,2,1,0,0,1,0,0,5,4,0,0,0,0.133,0.35,0.2,0.55
Andy Ibanez,DET,2B,32,42,86,12,18,3,0,2,14,3,0,7,11,0,1,4,0.209,0.296,0.314,0.61
Andy Pages,LAD,OF,24,55,208,28,58,7,1,11,37,6,2,13,44,0,1,3,0.279,0.329,0.481,0.81
Angel Martinez,CLE,OF,23,44,150,17,38,8,1,3,20,4,0,4,27,1,2,1,0.253,0.274,0.38,0.654
Anthony Santander,TOR,OF,30,50,184,14,33,5,0,6,18,0,0,24,55,0,1,0,0.179,0.273,0.304,0.577
Anthony Volpe,NYY,SS,24,57,209,28,50,17,2,6,33,7,4,25,61,0,4,2,0.239,0.321,0.426,0.747
Austin Barnes,LAD,C,35,13,42,4,9,3,0,0,2,0,0,1,14,1,0,0,0.214,0.233,0.286,0.519
Austin Hays,CIN,OF,29,31,119,23,36,6,3,6,25,2,0,8,32,0,2,1,0.303,0.346,0.555,0.901
Austin Hedges,CLE,C,32,22,53,5,6,0,0,3,3,1,0,7,21,1,0,0,0.113,0.217,0.283,0.5
Austin Riley,ATL,3B,28,58,236,31,65,10,0,10,33,2,1,18,71,0,0,3,0.275,0.335,0.445,0.78
Austin Slater,CHW,OF,32,15,29,4,7,2,0,2,2,0,0,3,10,0,0,0,0.241,0.313,0.517,0.83
Austin Wells,NYY,C,25,50,165,20,35,9,1,9,32,3,1,15,46,0,6,4,0.212,0.284,0.442,0.726
Austin Wynns,CIN,C,34,18,40,6,16,3,0,3,11,0,0,3,12,0,0,0,0.4,0.442,0.7,1.142
Ben Rice,NYY,1B,26,51,172,31,43,11,1,12,25,2,1,18,47,0,1,6,0.25,0.34,0.535,0.875
Ben Rortvedt,TBR,C,27,26,63,2,6,1,0,0,6,0,0,7,14,0,0,0,0.095,0.186,0.111,0.297
Benjamin Williamson,SEA,3B,24,40,144,20,36,5,0,1,13,1,1,6,39,0,0,0,0.25,0.28,0.306,0.586
Blaine Crim,TEX,1B,27,5,11,1,0,0,0,0,0,0,0,1,6,0,0,1,0,0.154,0,0.154
Blake Dunn,CIN,OF,26,30,60,10,9,2,0,1,7,1,1,8,25,0,0,7,0.15,0.32,0.233,0.553
Blake Sabol,BOS,C,27,8,16,2,2,1,0,0,1,0,0,1,7,0,1,0,0.125,0.167,0.188,0.355
Bo Bichette,TOR,SS,27,59,249,26,69,17,0,7,32,4,2,16,43,0,1,2,0.277,0.325,0.43,0.755
Bo Naylor,CLE,C,25,44,134,20,24,5,1,7,16,1,1,22,44,1,2,0,0.179,0.291,0.388,0.679
Bobby Dalbec,CHW,1B,29,7,18,2,4,1,0,0,1,0,0,3,6,0,0,0,0.222,0.333,0.278,0.611
Bobby Witt Jr.,KCR,SS,24,60,233,30,66,22,3,6,31,20,5,20,47,0,5,3,0.283,0.341,0.481,0.822
Brandon Lockridge,SDP,OF,28,32,62,8,12,4,0,0,4,7,0,4,14,2,0,1,0.194,0.254,0.258,0.512
Brandon Lowe,TBR,2B,30,54,207,30,50,6,0,11,31,2,1,15,60,0,1,1,0.242,0.295,0.43,0.725
Brandon Marsh,PHI,OF,27,40,100,13,22,5,0,2,12,2,1,15,32,1,1,0,0.22,0.319,0.33,0.649
Brandon Nimmo,NYM,OF,32,55,199,24,46,10,0,9,29,1,1,17,41,0,2,1,0.231,0.292,0.417,0.709
Braxton Fulford,COL,C,26,4,8,1,1,0,0,1,1,0,0,0,5,0,0,0,0.125,0.125,0.5,0.625
Brayan Rocchio,CLE,SS,24,35,91,8,15,3,0,0,8,2,2,5,21,0,2,4,0.165,0.235,0.198,0.433
Brendan Donovan,STL,2B,28,56,217,31,70,18,0,4,24,3,1,18,27,1,1,4,0.323,0.383,0.461,0.844
Brendan Rodgers,HOU,2B,28,37,100,10,19,4,0,1,10,0,1,9,42,0,1,1,0.19,0.261,0.26,0.521
Brent Rooker,ATH,DH,30,60,240,37,64,11,1,13,31,2,1,21,61,0,0,2,0.267,0.331,0.483,0.814
Brenton Doyle,COL,OF,27,49,185,16,39,7,1,5,21,6,0,16,51,0,1,0,0.211,0.272,0.341,0.613
Brett Baty,NYM,3B,25,41,120,14,29,4,2,6,20,2,0,6,36,0,0,1,0.242,0.283,0.458,0.741
Brett Wisely,SFG,2B,26,5,10,1,0,0,0,0,2,0,1,0,3,2,0,0,0,0,0,0
Brewer Hicklen,DET,OF,29,1,3,2,2,0,0,0,0,1,0,1,1,0,0,0,0.667,0.75,0.667,1.417
Brice Turang,MIL,2B,25,57,215,40,59,6,0,4,24,14,4,27,54,1,2,1,0.274,0.355,0.358,0.713
Brooks Baldwin,CHW,2B,24,44,130,8,28,6,0,3,16,2,0,7,38,2,2,1,0.215,0.257,0.331,0.588
Brooks Lee,MIN,SS,24,43,152,11,36,4,0,4,16,0,1,9,27,0,2,0,0.237,0.276,0.342,0.618
Bryan De La Cruz,ATL,OF,28,16,47,1,9,1,0,0,0,1,0,3,18,0,0,0,0.191,0.24,0.213,0.453
Bryan Reynolds,PIT,OF,30,57,227,21,54,9,1,7,34,3,2,22,64,0,3,2,0.238,0.307,0.379,0.686
Bryce Harper,PHI,1B,32,54,202,30,54,13,0,8,33,8,0,33,42,0,2,3,0.267,0.375,0.45,0.825
Bryson Stott,PHI,2B,27,53,201,29,51,6,2,4,24,11,1,19,39,1,1,1,0.254,0.32,0.363,0.683
Byron Buxton,MIN,OF,31,43,169,36,45,5,3,10,30,9,0,11,59,0,3,2,0.266,0.314,0.509,0.823
Cal Raleigh,SEA,C,28,58,212,39,56,10,0,23,45,6,1,37,69,0,1,3,0.264,0.379,0.637,1.016
Cal Stevenson,PHI,OF,28,5,8,0,2,0,0,0,1,0,0,0,2,0,0,0,0.25,0.25,0.25,0.5
Caleb Durbin,MIL,2B,25,41,131,13,29,10,0,1,21,5,2,7,12,2,2,9,0.221,0.302,0.321,0.623
Cam Smith,HOU,3B,22,46,153,18,39,8,1,3,17,2,0,17,49,0,0,3,0.255,0.341,0.379,0.72
Carlos Correa,MIN,SS,30,50,178,21,44,10,0,5,18,0,0,11,35,0,1,0,0.247,0.289,0.388,0.677
Carlos Narvaez,BOS,C,26,44,151,21,43,11,0,5,17,1,1,15,41,0,0,0,0.285,0.349,0.457,0.806
Carlos Santana,CLE,1B,39,54,187,30,49,5,0,7,29,2,0,31,38,0,3,3,0.262,0.371,0.401,0.772
Carson Kelly,CHC,C,30,36,114,24,31,3,1,9,24,0,0,23,18,0,1,1,0.272,0.396,0.553,0.949
Carson McCusker,MIN,OF,27,5,6,0,1,0,0,0,0,0,0,0,4,0,0,0,0.167,0.167,0.167,0.334
Casey Schmitt,SFG,2B,26,15,41,2,8,3,0,0,3,0,0,4,14,0,0,2,0.195,0.298,0.268,0.566
Cavan Biggio,KCR,2B,30,37,69,9,12,2,0,1,4,1,0,11,21,2,0,1,0.174,0.296,0.246,0.542
Ceddanne Rafaela,BOS,OF,24,56,188,32,45,9,2,3,20,7,0,10,41,2,1,3,0.239,0.287,0.356,0.643
Cedric Mullins,BAL,OF,30,50,181,25,42,9,0,10,31,8,2,23,52,0,1,2,0.232,0.324,0.448,0.772
Cesar Salazar,HOU,C,29,3,3,0,0,0,0,0,0,0,0,0,0,0,0,0,0,0,0,0
Chadwick Tromp,ATL,C,30,2,5,0,0,0,0,0,0,0,0,1,2,0,0,0,0,0.167,0,0.167
Chadwick Tromp,BAL,C,30,2,4,0,0,0,0,0,0,0,0,0,2,0,0,0,0,0,0,0
Chandler Simpson,TBR,OF,24,35,123,17,35,4,0,0,11,19,3,6,14,1,1,0,0.285,0.315,0.317,0.632
Chas McCormick,HOU,OF,30,36,43,6,11,2,0,0,2,1,3,5,14,4,0,1,0.256,0.347,0.302,0.649
Chase Meidroth,CHW,SS,23,36,128,17,36,4,0,1,5,8,1,16,17,0,0,0,0.281,0.361,0.336,0.697
Chris Taylor,LAD,2B,34,28,35,4,7,2,0,0,2,0,1,0,13,0,0,0,0.2,0.2,0.257,0.457
Chris Taylor,LAA,2B,34,4,11,0,1,0,0,0,0,0,0,0,6,0,0,0,0.091,0.091,0.091,0.182
Christian Encarnacion-Strand,CIN,1B,25,15,57,4,9,2,0,2,5,0,1,1,13,0,1,1,0.158,0.183,0.298,0.481
Christian Koss,SFG,SS,27,27,64,6,14,0,0,1,8,0,0,4,21,2,0,1,0.219,0.275,0.266,0.541
Christian Vazquez,MIN,C,34,30,86,6,18,5,0,1,6,0,1,7,16,0,1,0,0.209,0.266,0.302,0.568
Christian Walker,HOU,1B,34,57,213,23,45,8,1,7,26,0,0,15,65,0,2,5,0.211,0.277,0.357,0.634
Christian Yelich,MIL,OF,33,57,215,31,50,5,0,12,39,10,2,24,64,0,1,3,0.233,0.317,0.423,0.74
Christopher Morel,TBR,2B,25,46,128,18,26,8,0,3,11,3,2,13,52,0,0,2,0.203,0.287,0.336,0.623
CJ Abrams,WSN,SS,24,46,183,34,50,11,2,8,19,10,2,13,39,1,1,8,0.273,0.346,0.486,0.832
C.J. Alexander,ATH,3B,28,5,13,0,3,0,0,0,0,0,0,0,6,0,0,0,0.231,0.231,0.231,0.462
Coby Mayo,BAL,3B,23,6,19,1,2,0,0,0,1,0,0,1,8,0,0,0,0.105,0.15,0.105,0.255
Coco Montes,TBR,2B,28,5,10,0,2,0,0,0,1,0,0,0,3,0,0,0,0.2,0.2,0.2,0.4
Cody Bellinger,NYY,OF,29,53,194,30,49,9,2,8,32,5,2,24,38,0,5,1,0.253,0.33,0.443,0.773
Cole Young,SEA,SS,21,2,7,0,1,0,0,0,1,0,0,1,2,0,0,0,0.143,0.25,0.143,0.393
Colt Keith,DET,2B,23,53,156,28,37,9,1,4,16,0,0,21,40,0,1,0,0.237,0.326,0.385,0.711
Colton Cowser,BAL,OF,25,4,16,2,2,0,0,1,1,0,0,1,6,0,0,1,0.125,0.222,0.313,0.535
Connor Joe,CIN,OF,32,10,28,1,8,2,0,0,1,1,2,2,3,0,0,0,0.286,0.333,0.357,0.69
Connor Joe,SDP,OF,32,7,9,0,0,0,0,0,0,0,0,1,6,0,0,0,0,0.1,0,0.1
Connor Norby,MIA,3B,24,38,138,19,36,9,1,3,16,4,2,5,44,0,0,3,0.261,0.301,0.406,0.707
Connor Wong,BOS,C,29,23,55,4,8,0,0,0,0,1,0,5,16,0,0,1,0.145,0.23,0.145,0.375
Cooper Hummel,BAL,OF,30,1,1,0,0,0,0,0,0,0,0,0,1,0,0,0,0,0,0,0
Corbin Carroll,ARI,OF,24,59,240,44,61,11,6,16,35,10,3,21,66,0,0,5,0.254,0.327,0.55,0.877
Corey Seager,TEX,SS,31,30,116,15,32,4,0,6,12,0,0,7,24,0,0,0,0.276,0.317,0.466,0.783
Curtis Mead,TBR,2B,24,35,84,7,18,2,0,3,7,2,1,6,24,0,1,3,0.214,0.287,0.345,0.632
Dairon Blanco,KCR,OF,32,9,6,2,1,1,0,0,1,3,2,0,2,2,0,0,0.167,0.167,0.333,0.5
Dalton Rushing,LAD,C,24,7,22,5,6,1,0,1,7,0,0,1,11,0,0,0,0.273,0.304,0.455,0.759
Dane Myers,MIA,OF,29,32,88,13,28,3,0,3,14,7,2,7,22,0,0,0,0.318,0.368,0.455,0.823
Daniel Schneemann,CLE,SS,28,47,129,19,30,5,0,7,16,2,1,17,37,1,0,0,0.233,0.322,0.434,0.756
Danny Jansen,TBR,C,30,40,120,10,23,4,0,4,12,0,0,21,33,0,0,2,0.192,0.322,0.325,0.647
Dansby Swanson,CHC,SS,31,59,226,38,55,8,1,11,32,7,2,20,66,1,2,0,0.243,0.302,0.434,0.736
DaShawn Keirsey Jr.,MIN,OF,28,45,64,6,7,0,0,1,4,5,2,1,21,0,0,1,0.109,0.136,0.156,0.292
Daulton Varsho,TOR,OF,28,24,92,14,19,5,1,8,20,1,0,5,31,0,3,0,0.207,0.24,0.543,0.783
David Fry,CLE,C,29,1,1,0,0,0,0,0,0,0,0,0,1,0,0,0,0,0,0,0
David Hamilton,BOS,2B,27,35,76,11,14,2,0,2,6,10,1,2,22,2,0,1,0.184,0.215,0.289,0.504
David Villar,SFG,2B,28,9,20,4,4,1,0,0,1,0,0,4,5,0,0,1,0.2,0.36,0.25,0.61
Davis Schneider,TOR,2B,26,11,18,3,2,0,0,0,1,0,0,6,9,0,0,1,0.111,0.36,0.111,0.471
Daylen Lile,WSN,OF,22,9,28,2,6,3,1,0,2,0,1,2,7,0,1,1,0.214,0.281,0.393,0.674
Daz Cameron,MIL,OF,28,16,31,5,5,1,0,0,1,1,0,1,10,0,0,0,0.161,0.188,0.194,0.382
Denzel Clarke,ATH,OF,25,9,28,3,5,0,0,1,3,2,0,1,18,0,0,1,0.179,0.233,0.286,0.519
Derek Hill,MIA,OF,29,23,73,11,17,4,0,2,5,6,0,6,29,2,0,1,0.233,0.3,0.37,0.67
Dillon Dingler,DET,C,26,43,157,16,47,8,1,5,22,0,0,4,42,0,0,3,0.299,0.329,0.459,0.788
DJ LeMahieu,NYY,3B,36,15,46,2,11,1,0,1,5,0,0,5,12,0,0,0,0.239,0.314,0.326,0.64
Dominic Canzone,SEA,OF,27,2,3,0,0,0,0,0,0,0,0,0,2,0,0,0,0,0,0,0
Donovan Solano,SEA,2B,37,34,75,2,13,2,0,0,2,0,0,4,19,0,1,0,0.173,0.213,0.2,0.413
Drake Baldwin,ATL,C,24,36,106,11,34,4,0,5,15,0,0,8,16,0,0,0,0.321,0.368,0.5,0.868
Drew Avans,ATH,OF,28,5,11,0,1,0,0,0,0,0,0,0,5,0,0,0,0.091,0.091,0.091,0.182
Drew Waters,KCR,OF,26,44,146,17,41,6,3,1,13,4,1,5,39,0,0,2,0.281,0.314,0.384,0.698
Dustin Harris,TEX,OF,25,16,35,4,7,2,0,1,1,1,1,3,11,0,0,0,0.2,0.263,0.343,0.606
Dylan Carlson,BAL,OF,26,22,50,5,11,3,0,2,9,1,2,3,17,0,1,0,0.22,0.259,0.4,0.659
Dylan Crews,WSN,OF,23,45,158,24,31,2,1,7,15,11,3,11,48,0,0,4,0.196,0.266,0.354,0.62
Dylan Moore,SEA,2B,32,45,129,21,34,4,0,8,16,8,4,12,40,0,2,0,0.264,0.322,0.481,0.803
Eddie Rosario,ATL,OF,33,3,4,1,0,0,0,0,0,0,0,0,2,0,0,0,0,0,0,0
Eddie Rosario,LAD,OF,33,2,4,0,1,0,0,0,0,0,0,0,0,0,0,0,0.25,0.25,0.25,0.5
Edgar Quero,CHW,C,22,36,113,7,28,6,0,0,10,0,1,13,21,0,0,2,0.248,0.336,0.301,0.637
Edmundo Sosa,PHI,SS,29,31,85,10,25,5,0,1,13,0,0,5,20,1,1,1,0.294,0.337,0.388,0.725
Edouard Julien,MIN,2B,26,29,91,8,18,5,0,2,8,0,2,11,29,0,1,1,0.198,0.288,0.319,0.607
Eli White,ATL,OF,30,47,131,22,32,7,3,2,13,5,1,7,32,1,0,1,0.244,0.288,0.389,0.677
Elias Diaz,SDP,C,34,46,123,16,27,4,0,3,8,0,0,10,29,1,0,0,0.22,0.278,0.325,0.603
Elly De La Cruz,CIN,SS,23,60,233,45,60,10,0,12,42,17,5,24,72,0,1,2,0.258,0.331,0.455,0.786
Emmanuel Rivera,BAL,3B,28,23,61,3,15,2,0,0,3,0,0,5,11,0,0,1,0.246,0.313,0.279,0.592
Endy Rodriguez,PIT,C,25,16,49,4,8,3,0,0,2,0,1,5,14,0,0,0,0.163,0.241,0.224,0.465
Enmanuel Valdez,PIT,2B,26,31,91,7,19,4,2,2,12,0,0,11,16,0,0,0,0.209,0.294,0.363,0.657
Enrique Hernandez,LAD,3B,33,46,117,19,28,3,0,7,18,0,0,11,32,1,1,0,0.239,0.302,0.444,0.746
Eric Haase,MIL,C,32,19,39,6,9,1,0,2,5,0,0,3,16,1,0,0,0.231,0.286,0.41,0.696
Eric Wagaman,MIA,3B,27,53,198,24,50,12,1,4,17,1,1,15,36,0,1,0,0.253,0.304,0.384,0.688
Ernie Clement,TOR,3B,29,57,173,21,49,11,0,3,17,2,2,10,25,3,2,1,0.283,0.323,0.399,0.722
Eugenio Suarez,ARI,3B,33,59,212,37,49,11,0,16,44,1,0,19,56,0,3,7,0.231,0.311,0.509,0.82
Evan Carter,TEX,OF,22,11,33,5,6,0,0,1,3,3,0,3,6,0,0,1,0.182,0.27,0.273,0.543
Ezequiel Duran,TEX,3B,26,16,35,2,4,1,0,0,1,0,0,0,12,0,1,1,0.114,0.135,0.143,0.278
Ezequiel Tovar,COL,SS,23,31,124,13,32,6,2,3,10,2,2,7,28,2,0,1,0.258,0.303,0.411,0.714
Fernando Tatis,SDP,OF,26,56,219,40,58,7,1,13,28,10,2,23,44,0,1,1,0.265,0.336,0.484,0.82
Francisco Alvarez,NYM,C,23,24,81,5,19,2,0,1,7,0,0,9,26,0,0,2,0.235,0.326,0.296,0.622
Francisco Lindor,NYM,SS,31,58,234,38,66,10,0,13,34,10,2,22,47,0,5,7,0.282,0.354,0.491,0.845
Freddie Freeman,LAD,1B,35,48,178,33,65,17,1,9,38,0,1,21,39,0,3,2,0.365,0.431,0.624,1.055
Freddy Fermin,KCR,C,30,35,103,10,25,3,0,1,7,0,0,5,19,1,0,1,0.243,0.284,0.301,0.585
Gabriel Arias,CLE,SS,25,55,184,24,44,11,0,4,24,2,2,15,57,1,2,4,0.239,0.307,0.364,0.671
Gabriel Moreno,ARI,C,25,47,152,26,42,8,1,4,16,1,1,13,27,0,0,1,0.276,0.337,0.421,0.758
Gage Workman,CHC,SS,25,9,14,0,3,1,0,0,2,1,0,1,6,0,0,0,0.214,0.267,0.286,0.553
Gage Workman,CHW,SS,25,3,2,0,0,0,0,0,0,0,0,0,1,0,0,0,0,0,0,0
Garrett Hampson,ARI,SS,30,18,30,10,5,0,0,0,0,2,1,9,10,2,0,0,0.167,0.359,0.167,0.526
Garrett Hampson,CIN,SS,30,2,8,0,2,0,0,0,0,0,0,1,2,0,0,0,0.25,0.333,0.25,0.583
Garrett Mitchell,MIL,OF,26,25,68,9,14,4,1,0,3,3,0,7,25,1,1,1,0.206,0.286,0.294,0.58
Gary Sanchez,BAL,C,32,13,30,1,3,0,0,0,4,0,0,1,12,0,1,3,0.1,0.2,0.1,0.3
Gavin Lux,CIN,2B,27,54,175,20,51,14,1,1,22,1,0,25,48,0,0,0,0.291,0.38,0.4,0.78
Gavin Sheets,SDP,OF,29,54,176,23,47,7,0,11,34,1,0,13,46,0,1,2,0.267,0.323,0.494,0.817
George Springer,TOR,OF,35,55,175,31,45,12,1,8,24,7,0,31,49,0,2,2,0.257,0.371,0.474,0.845
Geraldo Perdomo,ARI,SS,25,58,205,29,58,13,0,6,41,11,0,34,28,2,7,3,0.283,0.382,0.434,0.816
Gio Urshela,ATH,3B,33,32,98,3,22,9,1,0,13,0,0,7,17,2,0,0,0.224,0.276,0.337,0.613
Gleyber Torres,DET,2B,28,47,167,25,45,8,0,5,27,4,1,29,23,0,2,3,0.269,0.383,0.407,0.79
Graham Pauley,MIA,3B,24,28,81,6,17,6,0,0,5,0,0,6,21,1,1,0,0.21,0.261,0.284,0.545
Greg Jones,CHW,OF,27,3,2,0,0,0,0,0,0,1,0,0,2,0,0,0,0,0,0,0
Griffin Conine,MIA,OF,27,20,64,10,18,7,0,1,7,0,1,7,19,0,0,0,0.281,0.352,0.438,0.79
Gunnar Henderson,BAL,SS,23,51,205,29,53,11,2,7,15,6,1,18,59,0,0,0,0.259,0.318,0.434,0.752
Gustavo Campero,LAA,OF,27,5,10,1,2,0,0,0,0,1,0,2,2,0,0,0,0.2,0.333,0.2,0.533
Harrison Bader,MIN,OF,30,50,140,19,38,7,0,5,22,6,3,14,34,0,2,6,0.271,0.358,0.429,0.787
Hayden Senger,NYM,C,28,13,28,3,5,1,0,0,0,0,0,1,9,0,0,0,0.179,0.207,0.214,0.421
Heliot Ramos,SFG,OF,25,57,220,38,65,11,1,10,29,5,2,18,59,0,3,6,0.295,0.36,0.491,0.851
Henry Davis,PIT,C,25,22,61,7,12,1,0,2,7,0,0,6,13,1,0,1,0.197,0.279,0.311,0.59
Heriberto Hernandez,MIA,OF,25,2,4,0,0,0,0,0,0,0,0,1,4,0,0,0,0,0.2,0,0.2
Heston Kjerstad,BAL,OF,26,50,146,16,27,4,1,4,16,1,0,5,44,0,1,4,0.185,0.231,0.308,0.539
Hunter Feduccia,LAD,C,27,2,2,0,0,0,0,0,0,0,0,1,1,0,0,0,0,0.333,0,0.333
Hunter Goodman,COL,C,25,57,211,25,56,11,1,7,31,1,1,13,58,0,1,3,0.265,0.316,0.427,0.743
Hunter Renfroe,KCR,OF,33,35,99,5,18,6,0,0,4,0,0,8,21,0,1,0,0.182,0.241,0.242,0.483
Hyeseong Kim,LAD,2B,26,22,46,13,19,2,0,2,7,4,0,3,9,0,0,0,0.413,0.449,0.587,1.036
Ian Happ,CHC,OF,30,50,207,36,52,12,0,3,21,3,1,28,50,0,2,1,0.251,0.34,0.353,0.693
Ildemaro Vargas,ARI,3B,33,1,3,0,0,0,0,0,0,0,0,0,1,0,0,0,0,0,0,0
Isaac Collins,MIL,OF,27,44,100,12,23,5,0,1,7,7,2,12,27,1,0,2,0.23,0.325,0.31,0.635
Isaac Paredes,HOU,3B,26,58,218,30,55,7,1,11,32,0,1,30,41,0,1,3,0.252,0.349,0.445,0.794
Isiah Kiner-Falefa,PIT,SS,30,48,165,21,50,9,1,1,13,8,3,9,29,1,0,3,0.303,0.35,0.388,0.738
Ivan Herrera,STL,C,25,27,90,17,30,7,0,5,26,1,0,13,20,0,2,2,0.333,0.421,0.578,0.999
J.C. Escarra,NYY,C,30,22,50,3,12,4,0,1,6,1,0,7,8,0,1,1,0.24,0.339,0.38,0.719
J.D. Davis,LAA,3B,32,5,9,0,1,0,0,0,0,0,0,0,3,0,0,0,0.111,0.111,0.111,0.222
J.P. Crawford,SEA,SS,30,56,195,27,53,7,0,5,22,2,0,36,48,2,0,1,0.272,0.388,0.385,0.773
J.T. Realmuto,PHI,C,34,49,184,18,41,8,1,5,22,4,1,18,50,0,0,0,0.223,0.292,0.359,0.651
Jace Jung,DET,3B,24,18,45,8,5,0,0,0,3,0,0,7,15,0,0,1,0.111,0.245,0.111,0.356
Jack Suwinski,PIT,OF,26,16,39,4,5,1,0,0,1,3,0,6,19,0,0,0,0.128,0.244,0.154,0.398
Jack Winkler,MIA,3B,26,2,2,0,0,0,0,0,0,0,0,0,2,0,0,0,0,0,0,0
Jazz Chisholm Jr.,MIL,OF,21,59,256,37,66,18,1,9,35,11,4,9,56,0,1,1,0.258,0.285,0.441,0.726
Jackson Holliday,BAL,2B,21,52,193,21,52,8,2,7,25,5,5,10,47,0,0,4,0.269,0.319,0.44,0.759
Jackson Merrill,SDP,OF,22,32,124,19,41,8,1,5,22,1,1,8,25,0,1,1,0.331,0.373,0.532,0.905
Jacob Amaya,CHW,SS,26,34,62,6,6,1,0,0,7,2,0,2,15,1,3,0,0.097,0.119,0.113,0.232
Jacob Hurtubise,CIN,OF,27,12,12,3,1,0,0,0,0,0,0,1,6,0,0,2,0.083,0.267,0.083,0.35
Jacob Melton,HOU,OF,24,1,3,0,1,0,0,0,0,0,0,0,2,0,0,0,0.333,0.333,0.333,0.666
Jacob Stallings,COL,C,35,28,81,4,12,3,0,0,6,0,0,5,31,1,0,3,0.148,0.225,0.185,0.41
Jacob Wilson,ATH,SS,23,57,224,31,80,12,0,7,32,5,0,13,14,1,1,2,0.357,0.396,0.504,0.9
Jacob Young,WSN,OF,25,41,110,15,25,4,1,0,6,5,4,11,19,4,0,2,0.227,0.309,0.282,0.591
Jake Bauers,MIL,1B,29,37,80,11,21,5,0,4,16,4,0,13,32,0,0,0,0.263,0.366,0.475,0.841
Jake Burger,TEX,1B,29,49,171,20,36,10,0,7,22,1,1,5,48,0,2,3,0.211,0.243,0.392,0.635
Jake Cronenworth,SDP,2B,31,33,100,17,24,6,1,4,14,1,0,21,25,1,2,2,0.24,0.376,0.44,0.816
Jake Fraley,CIN,OF,30,31,85,13,17,3,0,4,11,3,2,14,18,0,0,0,0.2,0.313,0.376,0.689
Jake Mangum,TBR,OF,29,24,79,8,25,4,0,1,10,8,0,5,9,0,0,0,0.316,0.357,0.405,0.762
Jake McCarthy,ARI,OF,27,14,41,2,3,1,0,0,3,1,0,4,6,0,1,1,0.073,0.17,0.098,0.268
Jake Meyers,HOU,OF,28,57,178,26,52,9,1,3,16,8,3,16,37,2,1,0,0.292,0.349,0.404,0.753
Jake Rogers,DET,C,30,11,32,4,4,0,1,0,0,0,0,4,9,0,0,0,0.125,0.222,0.188,0.41
James Outman,LAD,OF,28,9,24,5,3,0,0,2,4,0,0,3,13,0,0,0,0.125,0.222,0.375,0.597
James Wood,WSN,OF,22,59,224,38,64,15,0,16,44,9,3,36,72,0,1,1,0.286,0.385,0.567,0.952
Jared Triolo,PIT,3B,27,36,92,6,14,4,0,2,5,5,0,8,19,2,1,1,0.152,0.225,0.261,0.486
Jared Young,NYM,1B,29,6,14,2,3,1,0,1,2,0,0,0,4,0,0,1,0.214,0.267,0.5,0.767
Jarred Kelenic,ATL,OF,25,23,60,7,10,2,0,2,2,0,1,5,23,0,0,0,0.167,0.231,0.3,0.531
Jarren Duran,BOS,OF,28,60,261,31,69,13,6,4,34,13,5,16,62,0,2,3,0.264,0.312,0.406,0.718
Jason Heyward,SDP,OF,35,34,85,9,15,2,0,2,12,0,1,6,20,0,3,0,0.176,0.223,0.271,0.494
Jasson Dominguez,NYY,OF,22,49,162,27,40,10,0,6,25,8,0,25,55,0,3,1,0.247,0.346,0.42,0.766
Javier Baez,DET,SS,32,49,165,23,45,10,0,6,29,1,1,5,44,0,0,3,0.273,0.306,0.442,0.748
Javier Sanoja,MIA,OF,22,45,123,15,30,8,0,1,14,3,3,8,22,2,3,0,0.244,0.284,0.333,0.617
Jazz Chisholm,NYY,3B,27,30,105,17,19,3,0,7,17,6,1,15,39,0,1,4,0.181,0.304,0.41,0.714
Jeff McNeil,NYM,2B,33,28,78,7,19,3,3,3,12,1,0,15,9,0,2,0,0.244,0.358,0.474,0.832
Jeimer Candelario,CIN,1B,31,22,80,3,9,2,0,2,10,0,1,9,29,0,2,0,0.113,0.198,0.213,0.411
Jeremy Pena,HOU,SS,27,59,223,31,69,9,1,9,30,10,1,16,34,1,2,8,0.309,0.373,0.48,0.853
Jesse Winker,NYM,OF,31,24,67,8,16,5,2,1,10,1,0,9,20,0,2,0,0.239,0.321,0.418,0.739
Jesus Sanchez,MIA,OF,27,39,138,15,35,3,1,4,15,5,1,19,35,0,1,1,0.254,0.346,0.377,0.723
Jhonkensy Noel,CLE,OF,23,41,94,12,14,2,0,2,9,0,0,3,30,0,1,0,0.149,0.173,0.234,0.407
Jhonny Pereda,ATH,C,29,18,36,2,6,1,0,0,2,0,0,6,13,0,0,0,0.167,0.286,0.194,0.48
Ji Hwan Bae,PIT,OF,25,7,11,3,1,0,0,0,0,2,0,1,5,0,0,0,0.091,0.167,0.091,0.258
JJ Bleday,ATH,OF,27,47,167,26,34,9,0,6,18,1,2,21,41,0,1,0,0.204,0.291,0.365,0.656
Jo Adell,LAA,OF,26,51,154,14,32,7,0,7,24,1,0,11,43,0,0,4,0.208,0.278,0.39,0.668
Joc Pederson,TEX,DH,33,46,122,10,16,5,1,2,6,1,0,20,28,0,0,3,0.131,0.269,0.238,0.507
Joey Bart,PIT,C,28,44,146,7,35,5,1,1,11,1,0,21,40,0,0,3,0.24,0.347,0.308,0.655
Joey Ortiz,MIL,3B,26,58,182,22,34,6,0,2,8,6,2,15,34,4,0,2,0.187,0.256,0.253,0.509
Johan Rojas,PHI,OF,24,43,100,17,25,2,2,1,14,8,2,9,30,2,2,0,0.25,0.306,0.34,0.646
John Rave,KCR,OF,27,5,15,1,3,1,0,0,0,0,1,1,6,1,0,0,0.2,0.25,0.267,0.517
Johnathan Rodriguez,CLE,OF,25,4,5,0,0,0,0,0,0,0,0,0,3,0,0,0,0,0,0,0
Jon Berti,CHC,3B,35,31,76,12,17,2,0,0,2,8,1,4,18,0,0,2,0.224,0.28,0.25,0.53
Jonah Bride,MIN,1B,29,21,52,3,13,2,0,0,3,0,0,3,16,0,1,1,0.25,0.298,0.288,0.586
Jonah Bride,MIA,1B,29,12,40,3,4,0,0,0,2,0,0,5,15,0,0,0,0.1,0.2,0.1,0.3
Jonah Heim,TEX,C,29,47,153,15,37,3,0,6,18,3,0,8,39,0,2,1,0.242,0.28,0.379,0.659
Jonatan Clase,TOR,OF,23,14,44,4,12,3,0,0,5,3,0,5,11,1,0,0,0.273,0.347,0.341,0.688
Jonathan Aranda,TBR,1B,27,54,175,28,56,12,0,7,31,0,1,22,50,0,1,4,0.32,0.406,0.509,0.915
Jonathan India,KCR,2B,28,53,200,19,47,10,0,1,13,0,3,25,34,0,1,3,0.235,0.328,0.3,0.628
Jonathan Ornelas,TEX,SS,25,4,5,0,0,0,0,0,0,0,0,1,3,0,0,0,0,0.167,0,0.167
Jonny DeLuca,TBR,OF,26,9,23,4,10,0,1,0,1,4,0,2,4,0,0,0,0.435,0.48,0.522,1.002
Jorbit Vivas,NYY,2B,24,22,45,6,7,2,0,1,4,0,0,4,11,0,0,2,0.156,0.255,0.267,0.522
Jordan Beck,COL,OF,24,49,175,28,44,8,4,8,16,7,4,14,57,0,1,2,0.251,0.313,0.48,0.793
Jordan Lawlar,ARI,SS,22,8,19,1,0,0,0,0,0,0,0,3,9,0,0,0,0,0.136,0,0.136
Jordan Walker,STL,OF,23,47,158,18,34,4,1,3,23,3,2,11,57,0,1,2,0.215,0.273,0.31,0.583
Jordan WesTBRurg,BAL,2B,26,23,92,12,20,2,1,4,6,0,1,5,22,0,0,1,0.217,0.265,0.391,0.656
Jorge Barrosa,ARI,OF,24,5,15,1,3,2,0,0,4,0,0,0,5,0,1,0,0.2,0.188,0.333,0.521
Jorge Mateo,BAL,2B,29,30,55,7,11,3,0,1,3,14,1,4,19,0,0,0,0.2,0.254,0.309,0.563
Jorge Polanco,SEA,2B,31,46,149,19,38,6,0,10,30,1,1,9,22,1,1,2,0.255,0.304,0.497,0.801
Jorge Soler,LAA,OF,33,54,199,22,44,10,0,8,23,0,0,18,63,0,2,3,0.221,0.293,0.392,0.685
Jose Altuve,HOU,2B,35,57,224,28,59,6,0,9,22,4,3,16,44,0,2,0,0.263,0.31,0.411,0.721
Jose Azocar,NYM,OF,29,12,18,5,5,0,0,0,1,1,0,2,1,0,0,0,0.278,0.35,0.278,0.628
Jose Barrero,STL,OF,27,14,18,3,3,1,0,1,3,0,0,0,6,0,0,1,0.167,0.211,0.389,0.6
Jose Caballero,TBR,SS,28,48,139,19,35,11,1,2,20,19,4,16,44,0,1,1,0.252,0.331,0.388,0.719
Jose Herrera,ARI,C,28,20,58,6,11,3,0,1,5,0,0,9,18,3,0,0,0.19,0.299,0.293,0.592
Jose Iglesias,SDP,2B,35,37,110,7,27,5,0,0,12,2,1,5,18,2,0,4,0.245,0.303,0.291,0.594
Jose Miranda,MIN,3B,26,12,36,2,6,0,0,1,5,0,0,0,13,0,0,0,0.167,0.167,0.25,0.417
Jose Ramirez,CLE,3B,32,56,211,36,69,13,1,11,29,14,4,20,25,0,4,2,0.327,0.384,0.555,0.939
Jose Siri,NYM,OF,29,10,20,5,1,1,0,0,1,2,0,4,8,0,0,0,0.05,0.208,0.1,0.308
Jose Tena,WSN,3B,24,38,118,17,30,11,2,0,13,1,1,12,27,0,1,0,0.254,0.321,0.381,0.702
Jose Trevino,CIN,C,32,38,111,16,32,12,0,3,12,0,0,6,15,1,1,0,0.288,0.322,0.477,0.799
Josh Bell,WSN,1B,32,50,173,19,32,1,1,9,22,0,1,21,42,0,0,3,0.185,0.284,0.358,0.642
Josh Jung,TEX,3B,27,51,188,19,52,7,1,7,23,4,1,11,47,0,0,1,0.277,0.32,0.436,0.756
Josh Lowe,TBR,OF,27,16,59,13,19,3,0,3,5,2,0,6,12,0,0,0,0.322,0.385,0.525,0.91
Josh Naylor,ARI,1B,27,58,222,30,66,14,1,7,37,9,2,20,29,0,2,1,0.297,0.355,0.464,0.819
Josh Rojas,CHW,3B,30,23,67,4,11,2,0,0,3,3,0,9,22,0,0,0,0.164,0.263,0.194,0.457
Josh Smith,TEX,3B,27,51,171,20,46,7,1,5,16,7,2,18,34,1,1,1,0.269,0.34,0.409,0.749
Joshua Palacios,CHW,OF,29,43,109,10,23,4,0,3,9,0,0,12,30,1,0,3,0.211,0.306,0.33,0.636
Juan Soto,NYM,OF,26,58,210,38,49,11,0,10,28,7,0,44,42,0,4,1,0.233,0.363,0.429,0.792
Julio Rodriguez,SEA,OF,24,57,234,38,57,6,2,10,32,8,3,20,49,0,0,5,0.244,0.317,0.415,0.732
Jung Hoo Lee,SFG,OF,26,58,224,32,62,14,2,6,31,5,1,15,28,0,2,2,0.277,0.325,0.438,0.763
Junior Caminero,TBR,3B,21,55,214,30,56,13,0,13,37,3,0,10,44,0,3,0,0.262,0.291,0.505,0.796
Jurickson Profar,ATL,OF,32,4,15,2,3,0,0,0,0,0,0,1,3,0,0,0,0.2,0.25,0.2,0.45
Justin Turner,CHC,1B,40,34,81,6,17,2,0,1,11,1,0,11,19,0,3,1,0.21,0.302,0.272,0.574
Justyn-Henry Malloy,DET,OF,25,45,93,13,20,4,0,1,16,0,0,19,31,0,2,1,0.215,0.348,0.29,0.638
Kameron Misner,TBR,OF,27,54,156,24,35,8,1,4,17,7,1,15,53,0,2,1,0.224,0.293,0.365,0.658
Ke'Bryan Hayes,PIT,3B,28,56,210,15,47,4,2,1,18,6,1,14,46,1,0,3,0.224,0.282,0.276,0.558
Keibert Ruiz,WSN,C,26,52,197,18,53,10,0,2,22,0,2,8,21,0,0,3,0.269,0.308,0.35,0.658
Kerry Carpenter,DET,OF,27,55,198,32,53,8,1,10,22,1,1,7,42,0,1,2,0.268,0.298,0.47,0.768
Keston Hiura,COL,1B,28,1,2,1,0,0,0,0,0,0,0,0,1,0,0,1,0,0.333,0,0.333
Ketel Marte,ARI,2B,31,33,116,25,32,6,0,8,13,2,1,19,17,0,0,4,0.276,0.396,0.534,0.93
Kevin Newman,LAA,SS,31,23,50,4,9,1,0,0,3,1,0,1,10,1,0,0,0.18,0.196,0.2,0.396
Kevin Pillar,TEX,OF,36,20,43,6,9,2,0,0,1,3,0,0,8,0,0,0,0.209,0.209,0.256,0.465
Kody Clemens,MIN,3B,29,25,68,11,18,5,1,5,12,0,1,8,22,1,0,2,0.265,0.359,0.588,0.947
Kody Clemens,PHI,3B,29,7,6,0,0,0,0,0,0,0,0,1,0,0,0,0,0,0.143,0,0.143
Korey Lee,CHW,C,26,11,22,5,6,2,0,0,1,0,0,2,4,1,0,0,0.273,0.333,0.364,0.697
Kris Bryant,COL,DH,33,11,39,2,6,2,0,0,1,0,0,2,13,0,0,0,0.154,0.195,0.205,0.4
Kristian Campbell,BOS,2B,22,52,189,21,43,8,0,5,16,2,1,24,60,0,1,0,0.228,0.313,0.349,0.662
Kyle Farmer,COL,SS,34,47,148,6,35,13,0,2,16,0,0,8,31,0,1,0,0.236,0.274,0.365,0.639
Kyle Higashioka,TEX,C,35,29,90,8,21,5,0,1,10,0,0,5,18,0,0,0,0.233,0.274,0.322,0.596
Kyle Isbel,KCR,OF,28,53,138,15,38,4,3,3,15,1,1,3,27,5,3,0,0.275,0.285,0.413,0.698
Kyle Manzardo,CLE,DH,24,52,180,21,38,6,2,10,28,1,0,23,57,0,3,2,0.211,0.303,0.433,0.736
Kyle Schwarber,PHI,DH,32,59,214,44,57,9,1,19,44,4,1,43,61,0,0,4,0.266,0.398,0.584,0.982
Kyle Stowers,MIA,OF,27,55,196,24,55,7,2,10,32,3,1,20,64,1,2,3,0.281,0.353,0.49,0.843
Kyle Tucker,CHC,OF,28,59,225,44,64,10,4,12,39,16,1,40,32,0,2,2,0.284,0.394,0.524,0.918
Kyren Paris,LAA,SS,23,43,126,20,24,4,1,6,11,7,1,10,59,0,0,3,0.19,0.266,0.381,0.647
LaMonte Wade,SFG,1B,31,49,144,12,24,8,2,1,15,0,0,21,35,2,1,0,0.167,0.271,0.271,0.542
Lane Thomas,CLE,OF,29,17,59,2,7,1,0,0,3,1,0,3,22,0,2,1,0.119,0.169,0.136,0.305
Lars NooTBRaar,STL,OF,27,57,225,36,56,12,0,8,28,4,3,34,51,0,2,2,0.249,0.35,0.409,0.759
Lawrence Butler,ATH,OF,24,56,225,30,57,16,1,8,24,9,2,21,64,0,0,0,0.253,0.317,0.44,0.757
Lenyn Sosa,CHW,2B,25,56,197,15,55,10,0,4,17,1,0,5,47,1,0,0,0.279,0.297,0.391,0.688
Leonardo Rivas,SEA,2B,27,30,60,14,17,1,0,0,4,4,0,12,15,0,0,1,0.283,0.411,0.3,0.711
Leody Taveras,TEX,OF,26,30,79,7,19,3,1,1,8,6,1,2,23,1,0,0,0.241,0.259,0.342,0.601
Leody Taveras,SEA,OF,26,23,78,6,15,3,0,2,8,3,2,2,23,2,1,0,0.192,0.21,0.308,0.518
Liam Hicks,MIA,C,26,35,93,12,25,4,1,4,22,0,0,10,14,2,1,2,0.269,0.349,0.462,0.811
Liover Peguero,PIT,SS,24,4,9,0,2,0,0,0,0,0,0,0,3,0,0,1,0.222,0.3,0.222,0.522
Logan Davidson,ATH,1B,27,6,12,1,2,1,0,0,2,0,0,2,7,1,0,0,0.167,0.286,0.25,0.536
Logan O'Hoppe,LAA,C,25,51,178,21,46,2,0,14,30,0,0,8,66,0,1,1,0.258,0.293,0.506,0.799
Lourdes Gurriel Jr.,ARI,OF,31,54,211,21,53,13,1,8,33,3,0,12,30,0,5,2,0.251,0.291,0.436,0.727
Luis Arraez,SDP,1B,28,51,204,23,59,11,3,3,21,2,1,10,5,4,3,1,0.289,0.321,0.417,0.738
Luis Campusano,SDP,C,26,7,13,0,0,0,0,0,0,0,0,6,6,0,0,0,0,0.316,0,0.316
Luis Garcia,WSN,2B,25,52,186,28,46,13,0,5,25,7,2,12,27,0,5,2,0.247,0.293,0.398,0.691
Luis Matos,SFG,OF,23,24,72,9,12,2,0,4,7,2,0,4,10,0,0,0,0.167,0.211,0.361,0.572
Luis Rengifo,LAA,2B,28,53,182,14,39,7,0,1,12,1,3,9,31,1,2,0,0.214,0.249,0.269,0.518
Luis Robert,CHW,OF,27,54,189,24,34,6,0,5,20,21,5,24,67,0,2,0,0.18,0.27,0.291,0.561
Luis Torrens,NYM,C,29,35,95,7,25,9,1,1,11,0,0,13,25,0,0,0,0.263,0.352,0.411,0.763
Luis Urias,ATH,3B,27,46,139,16,35,5,0,6,13,1,0,18,25,0,2,2,0.252,0.342,0.417,0.759
Luisangel Acuna,NYM,SS,23,50,130,20,32,6,0,0,6,11,1,9,27,1,1,1,0.246,0.298,0.292,0.59
Luke Keaschall,MIN,2B,22,7,19,4,7,3,0,0,2,5,0,5,2,0,0,2,0.368,0.538,0.526,1.064
Luke Maile,KCR,C,34,3,8,2,3,0,0,1,1,0,0,2,1,0,0,0,0.375,0.5,0.75,1.25
Luke Raley,SEA,1B,30,24,68,10,14,2,0,2,8,2,1,10,20,0,1,5,0.206,0.345,0.324,0.669
Luke Williams,ATL,SS,28,12,13,2,2,1,0,0,2,2,0,0,3,0,0,0,0.154,0.154,0.231,0.385
Luken Baker,STL,DH,28,19,34,3,8,3,0,0,2,0,0,7,10,0,0,0,0.235,0.366,0.324,0.69
Maikel Garcia,KCR,3B,25,58,209,24,66,14,2,5,25,10,7,21,36,1,2,1,0.316,0.378,0.474,0.852
Manny Machado,SDP,3B,32,57,211,40,65,17,0,7,27,7,2,23,39,0,2,0,0.308,0.373,0.488,0.861
Manuel Margot,DET,OF,30,6,19,1,6,0,0,0,3,0,0,0,6,0,1,0,0.316,0.3,0.316,0.616
Marcell Ozuna,ATL,DH,34,55,190,27,54,6,0,10,25,0,0,48,54,0,2,1,0.284,0.427,0.474,0.901
Marcelo Mayer,BOS,SS,22,8,30,2,6,2,0,0,0,0,0,2,10,0,0,0,0.2,0.25,0.267,0.517
Marcus Semien,TEX,2B,34,59,204,19,41,2,0,4,21,5,1,25,49,0,3,2,0.201,0.291,0.27,0.561
Mark Canha,KCR,1B,36,30,72,7,19,2,0,0,4,0,1,6,15,0,2,2,0.264,0.329,0.292,0.621
Mark Vientos,NYM,3B,25,52,185,22,43,8,1,6,21,0,0,17,49,0,2,2,0.232,0.301,0.384,0.685
Martin Maldonado,SDP,C,38,30,74,3,13,1,0,2,5,0,0,3,24,2,0,0,0.176,0.208,0.27,0.478
Mason McCoy,SDP,SS,30,4,5,0,0,0,0,0,0,0,0,0,3,0,0,0,0,0,0,0
Masyn Winn,STL,SS,23,48,174,34,48,9,0,6,20,2,4,18,43,1,2,3,0.276,0.35,0.431,0.781
Matt Chapman,SFG,3B,32,58,204,30,48,9,0,10,26,5,2,38,58,0,0,1,0.235,0.358,0.426,0.784
Matt Gorski,PIT,OF,27,15,41,2,8,0,1,2,4,0,1,1,16,0,0,0,0.195,0.214,0.39,0.604
Matt McLain,CIN,2B,25,51,183,24,32,4,0,6,18,11,0,21,65,1,1,3,0.175,0.269,0.295,0.564
Matt Mervis,MIA,DH,27,42,120,15,21,4,0,7,14,0,0,11,50,0,1,2,0.175,0.254,0.383,0.637
Matt Olson,ATL,1B,31,58,218,32,52,12,0,12,31,0,0,31,59,0,2,1,0.239,0.333,0.459,0.792
Matt Shaw,CHC,3B,23,30,101,17,24,6,0,1,7,5,0,14,26,0,0,0,0.238,0.33,0.327,0.657
Matt Thaiss,CHW,C,30,35,85,11,18,4,0,1,8,1,1,23,21,0,1,1,0.212,0.382,0.294,0.676
Matt Thaiss,TBR,C,30,2,4,0,1,0,0,0,0,0,0,3,3,0,0,1,0.25,0.625,0.25,0.875
Matt Vierling,DET,OF,28,4,11,0,2,0,0,0,2,0,0,0,1,0,0,0,0.182,0.182,0.182,0.364
Matt Wallner,MIN,OF,27,20,63,8,17,5,2,2,5,0,0,10,20,0,0,3,0.27,0.395,0.508,0.903
Matthew Lugo,LAA,OF,24,15,39,5,9,2,1,3,6,0,0,0,15,0,0,1,0.231,0.25,0.564,0.814
Mauricio Dubon,HOU,OF,30,39,97,11,26,6,0,1,11,2,0,5,5,1,0,0,0.268,0.304,0.361,0.665
Maverick Handley,BAL,C,27,12,31,1,3,0,0,0,3,0,0,1,14,2,1,1,0.097,0.147,0.097,0.244
Max Kepler,PHI,OF,32,53,176,23,39,12,0,6,20,0,0,20,42,0,1,3,0.222,0.31,0.392,0.702
Max Muncy,LAD,3B,34,55,176,17,40,8,1,7,32,2,0,31,51,0,4,3,0.227,0.346,0.403,0.749
Max Muncy,ATH,SS,22,21,68,4,12,4,0,1,4,0,0,3,21,0,0,0,0.176,0.211,0.279,0.49
Max Schuemann,ATH,SS,27,40,56,8,14,0,2,1,1,3,1,9,10,0,0,0,0.25,0.354,0.375,0.729
Michael Busch,CHC,1B,27,55,177,25,47,11,2,8,33,3,0,23,50,0,0,5,0.266,0.366,0.486,0.852
Michael Conforto,LAD,OF,32,52,162,24,28,9,0,3,9,1,0,30,54,0,1,5,0.173,0.318,0.284,0.602
Michael Harris II,ATL,OF,24,58,222,13,52,10,2,3,33,10,2,10,46,2,4,0,0.234,0.263,0.338,0.601
Michael Massey,KCR,2B,27,53,191,10,39,5,0,2,14,1,0,5,32,1,4,1,0.204,0.224,0.262,0.486
Michael Siani,STL,OF,25,18,16,4,4,0,0,0,0,0,0,1,6,0,0,0,0.25,0.294,0.25,0.544
Michael Stefanic,TOR,2B,29,9,22,1,4,0,0,0,0,0,0,3,3,0,0,0,0.182,0.28,0.182,0.462
Michael Taylor,CHW,OF,34,50,104,13,20,7,1,2,10,6,1,9,43,1,1,0,0.192,0.254,0.337,0.591
Michael Toglia,COL,1B,26,54,186,14,36,9,1,6,20,2,0,18,81,0,2,1,0.194,0.266,0.349,0.615
Mickey Gasper,MIN,C,29,17,34,5,6,1,0,0,3,0,0,4,9,0,0,1,0.176,0.282,0.206,0.488
Mickey Moniak,COL,OF,27,54,153,17,33,4,4,5,15,1,2,9,40,0,1,1,0.216,0.262,0.392,0.654
Miguel Amaya,CHC,C,26,27,93,14,26,9,0,4,25,0,0,4,22,1,1,1,0.28,0.313,0.505,0.818
Miguel Andujar,ATH,OF,30,46,169,19,50,7,1,3,20,1,0,9,23,0,2,0,0.296,0.328,0.402,0.73
Miguel Rojas,LAD,SS,36,36,87,6,19,3,0,1,5,0,0,3,12,1,0,0,0.218,0.244,0.287,0.531
Miguel Vargas,CHW,3B,25,56,208,26,49,15,0,8,26,1,0,21,41,0,1,3,0.236,0.313,0.423,0.736
Mike Tauchman,CHW,OF,34,12,43,10,16,4,1,2,6,0,0,9,9,0,0,0,0.372,0.481,0.651,1.132
Mike Trout,LAA,OF,33,32,116,15,24,2,1,9,20,2,0,12,38,0,2,1,0.207,0.282,0.474,0.756
Mike Yastrzemski,SFG,OF,34,54,188,24,45,9,1,5,17,5,2,27,47,0,0,1,0.239,0.338,0.378,0.716
Miles Mastrobuoni,SEA,3B,29,44,95,12,21,3,0,1,8,2,3,12,17,3,1,0,0.221,0.306,0.284,0.59
Mitch Garver,SEA,C,34,37,93,9,19,2,0,1,10,3,0,15,30,0,0,1,0.204,0.321,0.258,0.579
MJ Melendez,KCR,OF,26,16,47,4,4,1,0,1,1,0,0,3,20,0,0,2,0.085,0.173,0.17,0.343
Moises Ballesteros,CHC,C,21,5,16,3,3,0,0,0,3,0,0,2,1,0,0,0,0.188,0.278,0.188,0.466
Mookie Betts,LAD,OF,32,53,205,42,52,5,1,8,31,5,0,26,22,0,2,1,0.254,0.338,0.405,0.743
Myles Straw,TOR,OF,30,48,97,15,28,5,0,1,10,4,1,5,14,4,0,0,0.289,0.324,0.371,0.695
Nasim Nunez,WSN,SS,24,20,36,6,7,1,0,0,4,6,0,4,8,1,0,0,0.194,0.275,0.222,0.497
Nathan Lukes,TOR,OF,30,43,105,19,29,3,0,4,20,1,2,14,16,4,1,2,0.276,0.369,0.419,0.788
Nathaniel Lowe,WSN,1B,29,59,226,24,52,10,0,8,40,1,0,22,67,0,1,1,0.23,0.3,0.381,0.681
Nick Ahmed,TEX,SS,35,5,9,1,0,0,0,0,0,1,0,1,3,0,0,0,0,0.1,0,0.1
Nick Allen,ATL,SS,26,49,141,12,34,4,0,0,12,6,4,14,35,3,2,2,0.241,0.314,0.27,0.584
Nick Castellanos,PHI,OF,33,59,224,26,63,14,0,5,30,2,0,14,44,0,4,2,0.281,0.324,0.411,0.735
Nick Fortes,MIA,C,28,25,60,3,11,2,1,1,4,0,0,4,10,1,0,1,0.183,0.246,0.3,0.546
Nick Gonzales,PIT,2B,26,1,3,1,1,0,0,1,2,0,0,0,2,0,0,0,0.333,0.333,1.333,1.666
Nicholas Kurtz,ATH,1B,22,28,94,11,23,2,1,5,15,0,1,11,36,0,3,0,0.245,0.315,0.447,0.762
Nick Loftin,KCR,1B,26,5,16,2,4,2,0,0,1,1,1,1,3,0,1,0,0.25,0.278,0.375,0.653
Nick Martini,COL,OF,34,43,102,9,23,4,0,1,4,0,0,9,18,0,0,0,0.225,0.288,0.294,0.582
Nick Maton,CHW,3B,28,25,54,5,9,2,0,2,4,0,1,9,19,0,0,0,0.167,0.286,0.315,0.601
Nick Sogard,BOS,SS,27,14,49,8,12,3,0,0,2,0,0,2,9,0,0,2,0.245,0.302,0.306,0.608
Nick Solak,PIT,OF,30,4,11,0,1,0,0,0,0,0,0,0,2,0,0,0,0.091,0.091,0.091,0.182
Nicky Lopez,CHC,2B,30,14,18,2,1,0,0,0,1,0,0,4,3,0,0,0,0.056,0.227,0.056,0.283
Nicky Lopez,LAA,2B,30,5,6,0,0,0,0,0,0,0,0,0,1,0,0,0,0,0,0,0
Nico Hoerner,CHC,2B,28,55,216,35,65,15,1,0,26,11,3,14,18,0,2,2,0.301,0.346,0.38,0.726
Niko Kavadas,LAA,DH,26,1,1,0,0,0,0,0,0,0,0,0,0,0,0,0,0,0,0,0
Noelvi Marte,CIN,3B,23,19,68,10,20,4,1,3,17,4,1,5,12,0,0,0,0.294,0.342,0.515,0.857
Nolan Arenado,STL,3B,34,54,206,24,47,10,1,6,27,1,0,20,26,0,2,2,0.228,0.3,0.374,0.674
Nolan Gorman,STL,2B,25,33,91,12,17,5,1,1,9,0,1,13,29,0,3,0,0.187,0.28,0.297,0.577
Nolan Jones,CLE,OF,27,53,140,10,30,6,1,2,16,3,2,15,42,1,1,1,0.214,0.293,0.314,0.607
Nolan Schanuel,LAA,1B,23,56,194,29,53,9,1,3,14,1,1,29,29,2,1,2,0.273,0.372,0.376,0.748
Oliver Dunn,MIL,2B,27,14,36,4,6,2,0,0,6,1,0,2,11,2,1,0,0.167,0.205,0.222,0.427
Omar Narvaez,CHW,C,33,4,7,1,2,0,0,0,3,0,0,2,1,0,1,0,0.286,0.4,0.286,0.686
Oneil Cruz,PIT,OF,26,52,185,35,42,8,1,12,26,20,1,35,73,0,2,2,0.227,0.353,0.476,0.829
Orlando Arcia,ATL,SS,30,14,31,1,6,1,0,0,1,0,0,1,8,0,0,0,0.194,0.219,0.226,0.445
Orlando Arcia,COL,SS,30,2,6,1,3,0,0,1,1,0,0,0,0,0,0,0,0.5,0.5,1,1.5
Oscar Gonzalez,SDP,OF,27,21,59,2,13,1,0,0,4,0,1,2,13,0,0,0,0.22,0.246,0.237,0.483
Oswald Peraza,NYY,3B,24,38,88,13,14,5,0,3,11,0,0,9,26,0,0,1,0.159,0.245,0.318,0.563
Oswaldo Cabrera,NYY,3B,26,34,107,17,26,4,0,1,11,0,1,11,25,1,1,2,0.243,0.322,0.308,0.63
Otto Lopez,MIA,2B,26,42,151,19,35,6,0,4,19,5,2,16,21,0,0,1,0.232,0.31,0.351,0.661
Owen Miller,COL,2B,28,9,14,0,2,0,0,0,1,1,0,2,4,0,0,1,0.143,0.294,0.143,0.437
Ozzie Albies,ATL,2B,28,58,226,30,53,8,0,6,22,6,1,21,39,0,1,2,0.235,0.304,0.35,0.654
Pablo Reyes,NYY,SS,31,22,26,3,5,1,0,0,1,1,0,2,9,0,0,0,0.192,0.25,0.231,0.481
Patrick Bailey,SFG,C,26,51,146,16,27,7,1,1,15,0,0,12,53,1,3,0,0.185,0.242,0.267,0.509
Paul DeJong,WSN,SS,31,16,54,3,11,4,0,0,2,2,0,2,24,0,0,1,0.204,0.246,0.278,0.524
Paul Goldschmidt,NYY,1B,37,58,216,38,72,13,1,6,28,5,0,18,36,0,1,2,0.333,0.388,0.486,0.874
Pavin Smith,ARI,OF,29,53,148,23,43,13,1,4,16,1,1,26,54,0,0,0,0.291,0.397,0.473,0.87
Pedro Pages,STL,C,26,43,138,15,29,8,0,4,20,0,0,7,36,0,1,1,0.21,0.252,0.355,0.607
Pete Alonso,NYM,1B,30,59,219,32,63,18,1,12,46,0,2,30,55,0,3,6,0.288,0.384,0.543,0.927
Pete Crow-Armstrong,CHC,OF,23,59,232,46,65,14,3,15,51,19,3,11,62,3,2,1,0.28,0.313,0.56,0.873
Rafael Devers,BOS,3B,28,61,227,37,65,16,0,12,52,1,1,47,64,0,2,1,0.286,0.408,0.515,0.923
Rafael Marchan,PHI,C,26,14,35,4,5,0,0,1,5,0,0,7,8,0,0,1,0.143,0.302,0.229,0.531
Ramon Laureano,BAL,OF,30,36,94,13,25,7,0,6,11,2,0,7,29,0,1,1,0.266,0.32,0.532,0.852
Ramon Urias,BAL,3B,30,38,129,11,36,5,0,2,18,0,0,13,29,0,5,0,0.279,0.333,0.364,0.697
Randal Grichuk,ARI,OF,33,38,82,13,22,9,0,3,11,0,0,7,18,0,0,0,0.268,0.326,0.488,0.814
Randy Arozarena,SEA,OF,30,56,205,24,45,11,1,7,24,9,0,29,71,0,0,10,0.22,0.344,0.385,0.729
Rece Hinds,CIN,OF,24,7,19,2,3,1,0,2,3,0,0,1,10,0,0,0,0.158,0.2,0.526,0.726
Reese McGuire,CHC,C,30,4,14,2,2,0,0,2,2,0,0,0,4,1,0,0,0.143,0.143,0.571,0.714
Rhylan Thomas,SEA,OF,25,3,8,2,1,1,0,0,2,0,0,1,0,0,1,0,0.125,0.2,0.25,0.45
Rhys Hoskins,MIL,1B,32,56,185,20,50,9,0,9,35,2,1,28,56,0,3,2,0.27,0.367,0.465,0.832
Richie Palacios,TBR,2B,28,1,4,1,3,1,0,0,0,1,0,0,0,0,0,0,0.75,0.75,1,1.75
Riley Adams,WSN,C,28,13,37,3,5,1,0,2,6,0,0,0,17,0,0,0,0.135,0.135,0.324,0.459
Riley Greene,DET,OF,24,58,225,31,61,13,0,13,40,1,1,17,76,0,0,1,0.271,0.325,0.502,0.827
Rob Brantly,MIA,C,35,3,7,0,3,0,0,0,1,0,0,0,1,0,0,0,0.429,0.429,0.429,0.858
Rob Refsnyder,BOS,OF,34,21,53,9,16,3,0,4,11,2,0,6,18,0,2,1,0.302,0.371,0.585,0.956
Robert Hassell,WSN,OF,23,10,41,5,11,1,0,1,6,1,0,0,11,0,0,0,0.268,0.268,0.366,0.634
Romy Gonzalez,BOS,2B,28,17,52,10,16,6,0,0,6,3,1,4,12,0,1,1,0.308,0.362,0.423,0.785
Ronald Acuna Jr.,ATL,OF,27,9,34,6,11,2,0,3,6,0,0,4,12,0,0,0,0.324,0.395,0.647,1.042
Ronny Simon,MIA,2B,25,19,47,6,11,2,0,0,5,0,0,7,7,1,1,0,0.234,0.327,0.277,0.604
Rowdy Tellez,SEA,1B,30,49,131,15,27,4,0,8,23,0,0,8,35,0,1,2,0.206,0.261,0.42,0.681
Royce Lewis,MIN,3B,25,21,71,4,9,2,0,1,3,0,0,6,12,0,0,0,0.127,0.195,0.197,0.392
Ryan Bliss,SEA,2B,25,11,35,1,7,1,0,1,3,2,2,4,11,0,0,0,0.2,0.282,0.314,0.596
Ryan Fitzgerald,MIN,SS,30,2,3,1,0,0,0,0,0,0,0,0,0,0,0,0,0,0,0,0
Ryan Jeffers,MIN,C,27,47,161,16,40,12,0,3,18,0,0,19,36,0,0,3,0.248,0.339,0.379,0.718
Ryan Kreidler,DET,SS,27,17,38,5,4,0,0,0,0,2,0,4,19,2,0,0,0.105,0.19,0.105,0.295
Ryan McMahon,COL,3B,30,57,198,23,41,9,1,6,17,1,0,33,69,0,1,1,0.207,0.322,0.354,0.676
Ryan Mountcastle,BAL,1B,28,52,187,19,46,13,0,2,15,1,0,8,46,0,3,2,0.246,0.28,0.348,0.628
Ryan O'Hearn,BAL,1B,31,49,170,25,56,8,0,9,22,3,1,23,31,0,1,3,0.329,0.416,0.535,0.951
Ryan Vilade,STL,OF,26,1,1,0,0,0,0,0,0,0,0,0,0,0,0,0,0,0,0,0
Sal Frelick,MIL,OF,25,57,202,23,59,6,3,3,20,11,2,17,26,1,0,3,0.292,0.356,0.396,0.752
Salvador Perez,KCR,C,35,56,218,12,50,15,0,4,26,0,0,10,50,0,1,2,0.229,0.268,0.353,0.621
Sam Haggerty,TEX,OF,31,18,56,10,14,2,2,1,6,4,1,5,8,1,0,0,0.25,0.311,0.411,0.722
Sam Hilliard,COL,OF,31,3,7,1,3,0,0,1,1,0,0,1,1,0,0,0,0.429,0.5,0.857,1.357
Sam Huff,SFG,C,27,20,53,5,11,1,0,2,4,0,0,4,25,0,1,0,0.208,0.259,0.34,0.599
Samad Taylor,SEA,2B,26,4,8,1,1,0,0,0,0,0,0,0,1,1,0,0,0.125,0.125,0.125,0.25
Santiago Espinal,CIN,3B,30,51,174,17,44,9,0,0,12,2,1,15,21,0,0,0,0.253,0.312,0.305,0.617
Scott Kingery,LAA,SS,31,2,5,1,1,1,0,0,0,0,0,1,2,0,0,0,0.2,0.333,0.4,0.733
Sean Bouchard,COL,OF,29,31,65,7,11,0,1,1,7,1,1,7,27,0,0,0,0.169,0.25,0.246,0.496
Sean Murphy,ATL,C,30,36,121,14,27,4,0,9,20,0,0,14,46,0,0,5,0.223,0.329,0.479,0.808
Seiya Suzuki,CHC,OF,30,55,219,34,59,18,2,14,52,1,2,23,63,0,4,0,0.269,0.333,0.562,0.895
Seth Brown,ATH,OF,32,33,52,6,11,2,0,1,3,1,0,7,17,0,0,2,0.212,0.328,0.308,0.636
Shay Whitcomb,HOU,3B,26,1,1,0,0,0,0,0,0,0,0,0,1,0,0,0,0,0,0,0
Shea Langeliers,ATH,C,27,52,193,24,46,7,0,10,26,4,1,19,38,0,2,0,0.238,0.304,0.43,0.734
Shohei Ohtani,LAD,DH,30,57,229,63,67,9,4,22,37,11,4,37,66,0,1,0,0.293,0.39,0.655,1.045
Spencer Horwitz,PIT,1B,27,15,55,4,12,3,0,1,5,0,0,5,14,0,0,0,0.218,0.283,0.327,0.61
Spencer Steer,CIN,OF,27,53,195,23,43,9,0,4,17,3,1,18,53,0,0,1,0.221,0.29,0.328,0.618
Spencer Torkelson,DET,1B,25,58,204,35,48,14,0,14,42,1,0,31,60,0,3,5,0.235,0.346,0.51,0.856
Starling Marte,NYM,OF,36,38,94,12,21,3,0,3,14,4,1,9,19,1,1,8,0.223,0.339,0.351,0.69
Steven Kwan,CLE,OF,27,57,224,29,70,13,0,5,21,8,1,18,22,1,1,3,0.313,0.37,0.438,0.808
Stuart Fairchild,ATL,OF,29,21,33,7,6,1,1,0,2,2,1,3,9,0,0,0,0.182,0.25,0.273,0.523
Taylor Walls,TBR,SS,28,50,128,17,24,2,0,1,10,7,4,17,30,0,3,0,0.188,0.277,0.227,0.504
Taylor Ward,LAA,OF,31,57,221,33,48,11,1,16,38,1,1,18,65,0,4,0,0.217,0.272,0.493,0.765
Teoscar Hernandez,LAD,OF,32,45,175,29,51,14,0,10,42,5,0,6,42,0,1,1,0.291,0.317,0.543,0.86
Thairo Estrada,COL,2B,29,2,7,1,1,0,0,0,1,0,0,0,1,0,0,1,0.143,0.25,0.143,0.393
Thomas Saggese,STL,2B,23,14,41,4,14,4,0,1,7,0,0,2,11,0,1,0,0.341,0.364,0.512,0.876
Tim Anderson,LAA,SS,31,31,83,8,17,3,0,0,3,1,1,3,29,1,0,3,0.205,0.258,0.241,0.499
Tim Elko,CHW,1B,26,10,31,4,5,0,0,3,5,0,0,1,10,0,0,0,0.161,0.188,0.452,0.64
Tim Tawa,ARI,2B,26,37,103,14,23,4,0,6,14,6,0,10,27,0,3,1,0.223,0.291,0.437,0.728
Tirso Ornelas,SDP,OF,25,7,14,0,1,0,0,0,1,0,0,2,2,0,0,0,0.071,0.188,0.071,0.259
TJ Friedl,CIN,OF,29,56,217,34,65,10,2,4,20,9,3,28,41,1,2,2,0.3,0.382,0.419,0.801
Tomas Nido,DET,C,31,11,35,4,12,0,0,0,2,0,0,0,10,1,0,1,0.343,0.361,0.343,0.704
Tommy Edman,LAD,OF,30,42,154,26,38,8,1,9,29,2,1,7,28,0,3,3,0.247,0.287,0.487,0.774
Tommy Pham,PIT,OF,37,42,139,11,29,4,0,0,8,3,0,13,41,0,1,1,0.209,0.279,0.237,0.516
Travis d'Arnaud,LAA,C,36,26,82,3,16,6,0,1,4,0,0,4,28,0,0,2,0.195,0.25,0.305,0.555
Travis Jankowski,TBR,OF,33,14,31,6,8,2,0,0,2,2,0,2,9,0,1,0,0.258,0.294,0.323,0.617
Travis Jankowski,CHW,OF,33,7,14,1,3,0,0,0,0,0,0,1,3,0,0,0,0.214,0.267,0.214,0.481
Trea Turner,PHI,SS,31,57,234,39,70,10,2,5,25,16,5,19,45,0,1,3,0.299,0.358,0.423,0.781
Trent Grisham,NYY,OF,28,51,166,29,42,3,1,13,26,0,1,23,42,0,0,1,0.253,0.347,0.518,0.865
Trevor Larnach,MIN,OF,28,57,214,30,55,8,1,8,28,2,2,19,52,0,1,2,0.257,0.322,0.416,0.738
Trevor Story,BOS,SS,32,57,221,23,49,4,0,7,26,9,0,11,73,1,0,3,0.222,0.268,0.335,0.603
Trey Lipscomb,WSN,3B,24,3,4,1,2,0,0,0,0,0,0,0,1,0,0,0,0.5,0.5,0.5,1
Trey Sweeney,DET,SS,25,57,182,25,41,3,1,4,23,2,1,16,48,0,3,0,0.225,0.284,0.319,0.603
Triston Casas,BOS,1B,25,29,99,5,18,3,0,3,11,0,0,11,27,0,0,2,0.182,0.277,0.303,0.58
Tsung-Che Cheng,PIT,2B,23,3,7,0,0,0,0,0,0,0,1,0,3,0,0,0,0,0,0,0
Tucker Barnhart,TEX,C,34,8,13,0,3,0,0,0,0,0,0,1,4,0,0,1,0.231,0.333,0.231,0.564
Ty France,MIN,1B,30,56,203,21,53,8,0,4,30,1,0,10,34,0,1,10,0.261,0.326,0.36,0.686
Tyler Callihan,CIN,2B,24,4,6,0,1,0,0,0,1,0,0,0,1,0,0,0,0.167,0.167,0.167,0.334
Tyler Fitzgerald,SFG,SS,27,38,126,15,34,7,1,2,7,8,3,10,35,2,0,1,0.27,0.328,0.389,0.717
Tyler Freeman,COL,OF,26,19,42,7,10,2,0,1,5,4,1,3,7,0,2,2,0.238,0.306,0.357,0.663
Tyler Heineman,TOR,C,33,19,48,10,19,4,0,1,6,2,0,2,10,0,1,0,0.396,0.412,0.542,0.954
Tyler O'Neill,BAL,OF,29,24,80,9,15,3,1,2,10,2,0,9,27,0,2,2,0.188,0.28,0.325,0.605
Tyler Soderstrom,ATH,1B,23,60,226,31,59,11,0,12,36,2,0,22,65,0,1,3,0.261,0.333,0.469,0.802
Tyler Stephenson,CIN,C,28,24,84,10,19,5,0,4,13,0,0,11,37,0,1,0,0.226,0.313,0.429,0.742
Tyler Tolbert,KCR,SS,27,13,5,3,0,0,0,0,0,6,0,0,2,0,0,0,0,0,0,0
Tyler Wade,SDP,3B,30,33,69,9,17,1,1,0,6,0,2,11,23,2,0,0,0.246,0.35,0.29,0.64
Tyrone Taylor,NYM,OF,31,52,156,18,38,7,3,1,9,5,1,6,37,1,0,7,0.244,0.302,0.346,0.648
Victor Caratini,HOU,C,31,37,110,12,31,5,0,3,10,0,0,8,20,0,1,5,0.282,0.355,0.409,0.764
Victor Mesa,MIA,OF,23,4,7,1,1,0,0,0,1,0,0,2,1,1,0,0,0.143,0.333,0.143,0.476
Victor Robles,SEA,OF,28,10,44,3,12,3,0,0,3,3,0,0,7,0,1,1,0.273,0.283,0.341,0.624
Victor Scott II,STL,OF,24,55,176,28,45,8,1,2,19,16,1,19,53,3,2,2,0.256,0.332,0.347,0.679
Vidal Brujan,CHC,2B,27,18,20,3,5,2,0,0,2,1,1,0,5,0,0,0,0.25,0.25,0.35,0.6
Vinnie Pasquantino,KCR,1B,27,59,228,22,58,6,1,8,31,0,0,16,44,0,1,3,0.254,0.31,0.395,0.705
Vinny Capra,MIL,3B,28,24,54,6,4,0,0,1,4,1,0,2,15,1,1,1,0.074,0.121,0.13,0.251
Vinny Capra,CHW,3B,28,6,8,2,1,1,0,0,0,0,0,0,2,0,0,0,0.125,0.125,0.25,0.375
Vladimir Guerrero Jr.,TOR,1B,26,59,219,35,62,10,0,8,28,0,1,37,40,0,2,3,0.283,0.391,0.438,0.829
Wenceel Perez,DET,OF,25,5,14,3,4,1,0,1,1,0,0,0,6,0,0,1,0.286,0.333,0.571,0.904
Weston Wilson,PHI,OF,30,16,28,3,5,0,0,1,3,0,0,5,10,0,0,0,0.179,0.303,0.286,0.589
Will Benson,CIN,OF,26,20,62,9,16,3,0,5,14,1,1,5,17,0,2,1,0.258,0.314,0.548,0.862
Will Brennan,CLE,OF,27,6,11,0,1,0,0,0,0,0,1,1,1,0,0,1,0.091,0.231,0.091,0.322
Will Smith,LAD,C,30,47,153,25,51,11,0,5,30,2,3,31,32,0,3,2,0.333,0.444,0.503,0.947
Will Wagner,TOR,2B,26,20,59,4,11,2,0,0,2,1,0,8,15,1,0,0,0.186,0.284,0.22,0.504
Will Wilson,CLE,2B,26,19,37,2,8,3,0,0,0,0,0,4,13,1,0,1,0.216,0.31,0.297,0.607
Willi Castro,MIN,OF,28,38,130,21,32,9,0,4,10,3,0,12,35,0,0,4,0.246,0.329,0.408,0.737
William Contreras,MIL,C,27,56,203,34,51,7,0,5,26,5,0,36,47,0,1,0,0.251,0.363,0.36,0.723
Willie MacIver,ATH,C,28,4,9,1,3,0,0,0,1,1,0,0,1,0,0,0,0.333,0.333,0.333,0.666
Willson Contreras,STL,C,33,55,207,25,50,10,0,6,31,2,0,17,56,1,1,8,0.242,0.322,0.377,0.699
Willy Adames,SFG,SS,29,59,226,30,47,10,1,5,25,3,2,26,67,0,2,1,0.208,0.29,0.327,0.617
Wilmer Flores,SFG,1B,33,58,210,24,53,4,0,10,47,1,0,17,41,0,0,2,0.252,0.314,0.414,0.728
Wilyer Abreu,BOS,OF,25,58,198,27,49,8,0,13,29,4,2,24,49,0,0,0,0.247,0.329,0.485,0.814
Wyatt Langford,TEX,OF,23,50,186,25,43,7,0,11,24,11,2,23,53,0,3,1,0.231,0.315,0.446,0.761
Xander Bogaerts,SDP,SS,32,57,194,24,47,9,0,3,21,11,0,26,42,0,4,1,0.242,0.329,0.335,0.664
Xavier Edwards,MIA,SS,25,44,177,19,50,4,1,0,12,11,4,19,34,1,2,1,0.282,0.352,0.316,0.668
Yainer Diaz,HOU,C,26,52,195,20,45,6,1,7,24,0,1,8,37,0,0,2,0.231,0.268,0.379,0.647
Yandy Diaz,TBR,1B,33,55,224,22,53,12,0,8,34,3,0,14,35,0,3,1,0.237,0.281,0.397,0.678
Yoan Moncada,LAA,3B,30,30,97,16,23,6,1,6,19,0,0,13,32,0,1,2,0.237,0.336,0.505,0.841
Yohel Pozo,STL,C,27,18,53,5,17,3,0,1,4,0,0,1,1,0,0,0,0.321,0.333,0.434,0.767
Yordan Alvarez,HOU,OF,27,29,100,7,21,4,0,3,18,1,0,16,21,0,5,0,0.21,0.306,0.34,0.646
Yuli Gurriel,SDP,1B,40,16,36,2,4,1,0,0,3,0,0,4,8,0,0,0,0.111,0.2,0.139,0.339
Zac Veen,COL,OF,23,12,34,1,4,1,0,1,2,1,1,2,14,0,0,1,0.118,0.189,0.235,0.424
Zachary Dezenzo,HOU,1B,25,34,98,17,24,6,0,2,10,1,0,11,37,0,0,0,0.245,0.321,0.367,0.688
Zach McKinstry,DET,SS,30,53,176,29,47,10,4,3,19,4,0,25,51,1,2,1,0.267,0.358,0.42,0.778
Zach Neto,LAA,SS,24,40,159,29,43,10,0,9,20,8,2,8,50,0,1,2,0.27,0.312,0.503,0.815
